idx	vel_cv_pass1	vel_cv_pass2	vel_cv_check
0	11.9353532	8.328115191	11.9353532
1	3.032176941	13.26491142	13.26491142
2	5.284556622	15.11604606	15.11604606
3	9.819123525	18.56915332	18.56915332
4	3.962897462	12.32375022	12.32375022
5	4.424317949	5.635891267	5.635891267
6	12.20917057	5.78736598	12.20917057
7	3.34393723	7.641612104	7.641612104
8	8.067582416	7.801283873	8.067582416
9	5.682732268	10.38982752	10.38982752
10	3.123017117	13.00426809	13.00426809
11	9.267992179	8.948158215	9.267992179
12	10.76449887	9.715594932	10.76449887
13	6.213047169	5.9254997	6.213047169
14	10.32394313	7.316149392	10.32394313
15	6.021198342	13.49936602	13.49936602
16	7.382892506	14.55535883	14.55535883
17	6.008286279	8.621494131	8.621494131
18	5.170603196	19.25579742	19.25579742
19	6.354289653	12.38972473	12.38972473
20	3.629946037	13.75606229	13.75606229
21	1.96095766	18.74951032	18.74951032
22	7.473973352	10.09382759	10.09382759
23	2.357816346	12.26992746	12.26992746
24	10.44012031	7.61458023	10.44012031
25	9.471773484	6.429398673	9.471773484
26	3.660232889	4.964029803	4.964029803
27	5.555737879	8.120331903	8.120331903
28	7.366657732	7.873186333	7.873186333
29	13.19869996	19.21888529	19.21888529
30	10.27847283	5.206281211	10.27847283
31	6.737263576	8.443128303	8.443128303
32	4.148698499	9.794903693	9.794903693
33	8.30894223	11.36373899	11.36373899
34	9.45945311	10.86050308	10.86050308
35	9.918030834	5.424939837	9.918030834
36	5.597890926	9.028460498	9.028460498
37	3.747195668	18.23647715	18.23647715
38	4.93844403	9.298099801	9.298099801
39	10.78923503	8.838402461	10.78923503
40	2.689670002	9.1829606	9.1829606
41	5.20467185	10.50122131	10.50122131
42	8.075266318	14.58065698	14.58065698
43	1.966473679	8.454697356	8.454697356
44	14.52109406	7.182966147	14.52109406
45	7.185429854	10.15358234	10.15358234
46	3.961041037	11.31652867	11.31652867
47	13.50930184	12.99264382	13.50930184
48	2.486389376	13.52619715	13.52619715
49	5.299876287	12.61806242	12.61806242
50	6.707261069	8.056669656	8.056669656
51	10.14598645	5.591176786	10.14598645
52	6.071736158	9.326561355	9.326561355
53	2.100248236	13.04368386	13.04368386
54	7.110191381	5.31705925	7.110191381
55	6.717837117	12.67223926	12.67223926
56	2.644400283	8.004736184	8.004736184
57	3.821660767	8.51229582	8.51229582
58	2.072788889	14.59731333	14.59731333
59	3.209822093	9.716213612	9.716213612
60	6.009388034	11.84593668	11.84593668
61	7.688032523	14.34438302	14.34438302
62	2.538331193	15.82892282	15.82892282
63	13.15627234	14.81534125	14.81534125
64	14.62516508	22.83469436	22.83469436
65	6.615209196	8.145575229	8.145575229
66	4.177637488	7.499712677	7.499712677
67	6.942262515	12.91628078	12.91628078
68	2.913143378	8.837789476	8.837789476
69	3.579260963	12.0987415	12.0987415
70	3.678469104	11.17671281	11.17671281
71	2.230639773	5.182382249	5.182382249
72	6.079012698	13.50141823	13.50141823
73	3.662322648	12.67099403	12.67099403
74	8.154033877	8.343189254	8.343189254
75	4.134472555	16.21392238	16.21392238
76	9.829630588	5.361234937	9.829630588
77	11.49947248	8.662024972	11.49947248
78	6.783512238	16.33353415	16.33353415
79	5.038737736	13.02073915	13.02073915
80	7.138539794	28.11156716	28.11156716
81	4.73439726	10.59330751	10.59330751
82	15.56666443	16.12543163	16.12543163
83	4.282367769	12.25620366	12.25620366
84	6.010499856	7.955846116	7.955846116
85	14.90379336	19.99899851	19.99899851
86	7.765396008	19.37566984	19.37566984
87	7.502894729	10.15192718	10.15192718
88	5.138416991	10.26424746	10.26424746
89	3.798166594	16.08774907	16.08774907
90	7.143325684	7.25840127	7.25840127
91	6.83574501	10.86502964	10.86502964
92	5.257435263	17.08692947	17.08692947
93	3.972860639	14.67229991	14.67229991
94	3.885174202	20.89572036	20.89572036
95	10.47897372	22.36513427	22.36513427
96	3.263153563	7.990977611	7.990977611
97	14.85368308	7.160490366	14.85368308
98	6.893828395	15.01410364	15.01410364
99	16.12816832	9.340630807	16.12816832
100	8.437236018	6.613257011	8.437236018
101	2.556163727	7.529641689	7.529641689
102	13.52813391	15.52411404	15.52411404
103	14.79589734	21.0696616	21.0696616
104	8.430985138	7.839748787	8.430985138
105	2.489502159	7.427790982	7.427790982
106	15.00167332	13.58929164	15.00167332
107	2.055141718	12.50322612	12.50322612
108	12.81474995	20.64356955	20.64356955
109	3.756076313	7.901628692	7.901628692
110	5.414097024	10.99755521	10.99755521
111	5.962404139	9.89100073	9.89100073
112	5.665949292	8.366741966	8.366741966
113	4.524095216	7.072282817	7.072282817
114	6.870991827	8.31325042	8.31325042
115	11.50209299	22.18946871	22.18946871
116	7.026659311	6.454722633	7.026659311
117	14.94730031	15.79136482	15.79136482
118	8.670249668	6.130081871	8.670249668
119	7.043992451	16.23762023	16.23762023
120	3.817976691	18.59449903	18.59449903
121	5.654119455	8.95726437	8.95726437
122	5.74484765	20.34884553	20.34884553
123	5.350304016	15.55530062	15.55530062
124	16.04557689	19.29513688	19.29513688
125	3.785187146	16.33781047	16.33781047
126	4.224456418	9.581153852	9.581153852
127	14.9788063	8.418860353	14.9788063
128	7.540434601	8.710088829	8.710088829
129	15.00770955	7.147530408	15.00770955
130	8.444537632	7.772893432	8.444537632
131	13.22106153	17.70473308	17.70473308
132	15.86084788	6.577251835	15.86084788
133	4.214782363	12.83536606	12.83536606
134	5.53779689	9.494065128	9.494065128
135	3.327376986	15.8232111	15.8232111
136	5.978575547	7.828502017	7.828502017
137	2.448112162	11.30769826	11.30769826
138	7.8098455	11.97063467	11.97063467
139	6.264831613	6.822155272	6.822155272
140	7.619722336	12.68808689	12.68808689
141	6.915793747	14.12559484	14.12559484
142	5.611925161	16.01503112	16.01503112
143	4.521397086	7.553852283	7.553852283
144	4.644732004	14.73726833	14.73726833
145	15.59730666	8.31112637	15.59730666
146	8.259104832	10.89220739	10.89220739
147	3.280573122	7.234333071	7.234333071
148	8.987977345	22.11018588	22.11018588
149	10.48955507	13.73690766	13.73690766
150	9.841202623	8.942685378	9.841202623
151	4.052585169	11.5594752	11.5594752
152	2.909251802	19.82028906	19.82028906
153	7.375868067	10.28846802	10.28846802
154	14.85543627	10.73417303	14.85543627
155	5.114880568	13.1608988	13.1608988
156	2.094054116	10.27731018	10.27731018
157	4.976778493	17.72491311	17.72491311
158	3.929035927	7.947950478	7.947950478
159	2.644244574	4.630425398	4.630425398
160	3.630705814	7.450916087	7.450916087
161	17.42167525	20.15188948	20.15188948
162	2.083104051	8.400401228	8.400401228
163	5.04870786	21.8845797	21.8845797
164	7.122335888	14.01555356	14.01555356
165	14.88821571	8.554443249	14.88821571
166	10.13821103	12.72981902	12.72981902
167	11.58756527	8.010759837	11.58756527
168	3.799479855	16.38699919	16.38699919
169	8.594808436	7.997444042	8.594808436
170	2.028632858	11.5145597	11.5145597
171	4.44217153	11.26494931	11.26494931
172	2.759831309	6.659026576	6.659026576
173	5.889982375	7.11747568	7.11747568
174	5.447760268	9.548073633	9.548073633
175	12.02607296	16.3793996	16.3793996
176	8.504316632	16.13997968	16.13997968
177	4.823353034	11.25723183	11.25723183
178	9.511252138	21.38993583	21.38993583
179	2.781978881	22.03328105	22.03328105
180	7.384105443	9.18224518	9.18224518
181	10.72855057	4.118362554	10.72855057
182	15.06077173	7.282601384	15.06077173
183	6.024626624	8.49604888	8.49604888
184	12.50295983	15.08692414	15.08692414
185	2.040037778	4.916560773	4.916560773
186	7.525097244	11.23779025	11.23779025
187	9.434613617	8.305267977	9.434613617
188	6.685185827	12.20266414	12.20266414
189	4.484347539	11.35814018	11.35814018
190	14.79313683	21.61607158	21.61607158
191	11.86030832	14.25980493	14.25980493
192	3.104660842	14.64161821	14.64161821
193	3.408995361	7.384177792	7.384177792
194	6.918209802	18.25510736	18.25510736
195	8.671674056	13.08244603	13.08244603
196	2.717477807	12.96491974	12.96491974
197	2.17697579	11.73689854	11.73689854
198	8.738436276	10.39525364	10.39525364
199	6.77003072	15.65409602	15.65409602
200	8.996741026	15.9150033	15.9150033
201	3.050392667	14.98662528	14.98662528
202	15.12855185	16.20142577	16.20142577
203	3.93273719	8.720842079	8.720842079
204	7.097625067	8.978644233	8.978644233
205	7.909723255	17.62674125	17.62674125
206	2.86521087	14.15807684	14.15807684
207	8.918006572	11.82821903	11.82821903
208	11.61614342	13.55632958	13.55632958
209	5.562510759	14.42390004	14.42390004
210	11.79947359	30.05755928	30.05755928
211	11.53690075	7.922095396	11.53690075
212	7.051011419	8.73217112	8.73217112
213	2.614016299	7.719913075	7.719913075
214	16.65687648	18.99971831	18.99971831
215	6.734750506	7.450100576	7.450100576
216	12.39269007	7.510571528	12.39269007
217	5.129350757	17.66452971	17.66452971
218	7.8162886	21.94064393	21.94064393
219	6.40879956	20.57084787	20.57084787
220	11.426368	7.533270434	11.426368
221	13.00683164	17.41086447	17.41086447
222	14.54249174	7.94356486	14.54249174
223	3.164867778	9.317783232	9.317783232
224	4.401931534	9.028148011	9.028148011
225	2.138886217	8.915789186	8.915789186
226	4.248918782	12.92963379	12.92963379
227	5.871579557	13.91849014	13.91849014
228	7.636325268	19.87621724	19.87621724
229	4.15565494	6.717631405	6.717631405
230	14.76958964	14.20705186	14.76958964
231	2.968038448	9.743009877	9.743009877
232	5.781303487	15.16953043	15.16953043
233	2.377640778	7.694075911	7.694075911
234	12.64136311	10.00292068	12.64136311
235	4.575145095	7.183872057	7.183872057
236	5.890991482	9.353232179	9.353232179
237	2.528874635	20.96203587	20.96203587
238	1.798092152	8.967911777	8.967911777
239	12.22497756	14.80093342	14.80093342
240	6.926309605	18.85272353	18.85272353
241	11.36914482	6.279659881	11.36914482
242	4.999436622	6.514567407	6.514567407
243	6.848789961	5.526863635	6.848789961
244	8.29392546	6.269616278	8.29392546
245	10.87953952	13.18183845	13.18183845
246	10.89730447	14.10939092	14.10939092
247	8.231172571	12.07159319	12.07159319
248	4.852043433	6.656670792	6.656670792
249	2.380313662	4.464928735	4.464928735
250	15.86549746	11.47813626	15.86549746
251	3.519946611	8.114986374	8.114986374
252	5.095310057	7.341969236	7.341969236
253	3.939256589	13.03554318	13.03554318
254	5.373664694	8.916925904	8.916925904
255	4.313874909	8.501867826	8.501867826
256	14.53383022	22.97881214	22.97881214
257	2.078156838	12.46837711	12.46837711
258	1.937637818	7.391557244	7.391557244
259	7.074888396	9.21534992	9.21534992
260	2.929964048	16.96286087	16.96286087
261	6.283032194	9.739637794	9.739637794
262	1.888459675	10.09384297	10.09384297
263	14.49068975	23.1507721	23.1507721
264	3.014509734	6.956134259	6.956134259
265	6.194379694	11.95825853	11.95825853
266	10.05176553	14.72224767	14.72224767
267	2.370345181	14.23890603	14.23890603
268	8.791739824	9.478307661	9.478307661
269	5.440356048	12.41521919	12.41521919
270	13.66919826	6.741284692	13.66919826
271	5.456211271	9.293942497	9.293942497
272	11.16904744	11.37893993	11.37893993
273	2.188170108	15.9253564	15.9253564
274	9.835966525	13.87917545	13.87917545
275	9.998580922	15.2119495	15.2119495
276	9.849553042	22.18794988	22.18794988
277	14.91225461	16.23294576	16.23294576
278	14.9015994	16.19720727	16.19720727
279	3.971583015	8.38359139	8.38359139
280	10.34859795	7.674000336	10.34859795
281	4.651899028	7.941873999	7.941873999
282	5.335340494	18.05746928	18.05746928
283	16.0630574	11.16565201	16.0630574
284	2.489314295	8.906591253	8.906591253
285	4.09849127	8.063694297	8.063694297
286	2.59015916	7.647739572	7.647739572
287	4.984996151	12.5505502	12.5505502
288	6.838548513	22.33881406	22.33881406
289	5.939924636	5.121570326	5.939924636
290	4.363486954	20.32690351	20.32690351
291	2.88696761	7.865782601	7.865782601
292	3.512276633	8.97452689	8.97452689
293	8.883470188	10.18973229	10.18973229
294	6.242099793	7.267824818	7.267824818
295	2.806926234	12.37804863	12.37804863
296	12.90149966	10.43453859	12.90149966
297	7.431680164	11.59449986	11.59449986
298	4.190524104	11.67638097	11.67638097
299	3.258665249	18.49197113	18.49197113
300	3.362128363	14.80400467	14.80400467
301	7.316702279	11.48042518	11.48042518
302	3.853202841	6.496773473	6.496773473
303	4.669819736	9.257376993	9.257376993
304	3.223626092	11.75213009	11.75213009
305	14.03059081	28.87701305	28.87701305
306	8.061067846	6.369915822	8.061067846
307	2.534886257	14.95198786	14.95198786
308	2.410748771	14.74775796	14.74775796
309	3.003221586	16.90029282	16.90029282
310	15.51204598	10.68021099	15.51204598
311	9.43331968	17.55001603	17.55001603
312	14.05127592	10.82032726	14.05127592
313	3.570081442	7.813533404	7.813533404
314	4.47435349	6.256183165	6.256183165
315	14.68591487	23.93923034	23.93923034
316	8.403694218	13.21871334	13.21871334
317	5.236012794	9.15045629	9.15045629
318	11.86009541	6.454567764	11.86009541
319	14.2052538	12.01798221	14.2052538
320	14.39798273	7.53152786	14.39798273
321	14.34803455	17.60793647	17.60793647
322	8.29700047	17.61468617	17.61468617
323	2.936959455	11.83704018	11.83704018
324	5.688100897	8.966850494	8.966850494
325	7.368876028	13.05303927	13.05303927
326	6.550106256	10.79756756	10.79756756
327	14.53029434	15.66622665	15.66622665
328	7.048603654	8.724410135	8.724410135
329	14.66178157	15.03099553	15.03099553
330	7.673970712	12.35334112	12.35334112
331	2.224365927	21.06516692	21.06516692
332	3.479613225	14.84618544	14.84618544
333	2.330166134	9.792486992	9.792486992
334	11.23079485	6.565656566	11.23079485
335	3.718825539	5.711598559	5.711598559
336	9.144765464	11.64797923	11.64797923
337	15.74766588	15.55449014	15.74766588
338	2.217544019	7.125427931	7.125427931
339	7.668130006	15.36702913	15.36702913
340	4.853187721	10.3116414	10.3116414
341	9.601925886	12.98895365	12.98895365
342	7.070840256	6.227144817	7.070840256
343	11.4801288	22.78887449	22.78887449
344	4.262289906	6.688494091	6.688494091
345	14.53058041	23.28663212	23.28663212
346	8.190020476	4.421809645	8.190020476
347	2.049460497	6.44231115	6.44231115
348	10.84719143	6.344151637	10.84719143
349	9.84534135	10.62451491	10.62451491
350	16.26990894	15.65872149	16.26990894
351	7.836333456	22.6838561	22.6838561
352	8.111253204	10.60486451	10.60486451
353	6.450672171	7.215450663	7.215450663
354	4.856268979	17.15292125	17.15292125
355	11.82308633	6.36959592	11.82308633
356	14.28359479	11.63901684	14.28359479
357	6.002929639	6.845943621	6.845943621
358	5.483685652	7.63029558	7.63029558
359	2.652992036	12.90394359	12.90394359
360	8.50018145	12.75473535	12.75473535
361	9.58407669	13.80860746	13.80860746
362	2.368038406	8.613346153	8.613346153
363	8.041422367	20.45346105	20.45346105
364	2.928726533	11.15696836	11.15696836
