idx	err_cv1	err_cv2	err_pressure_drop	err_temp_std	err_max_temp	row_max_err_5obj
80	8.995481293	47.93038763	2.789415927	1.23005621	0.025882097	47.93038763
81	0.170523436	7.596067506	3.0940309	7.401934556	0.003519748	7.596067506
82	0.171616451	1.712485921	4.005475594	2.701678227	0.010614641	4.005475594
83	4.134629781	7.106303532	3.962909442	1.982797743	0.041199577	7.106303532
84	11.32655218	14.71575444	0.517117322	2.437002513	0.030066274	14.71575444
85	3.911733284	16.03881838	1.005622141	1.553223378	0.057067056	16.03881838
86	2.339968742	7.312605164	3.34860517	1.274316246	0.031542482	7.312605164
87	8.356724803	0.576170975	1.216974869	1.879331556	0.02139828	8.356724803
88	2.25848552	12.86946173	1.907816775	3.259643545	0.181307886	12.86946173
89	0.331310145	15.30920926	0.501164148	1.254468895	0.015549959	15.30920926
90	0.545121167	5.644507067	1.195387666	0.122954095	0.004102564	5.644507067
91	6.724787452	14.75315186	6.397401438	2.668324917	0.029577137	14.75315186
92	2.870470078	10.87421552	2.936469072	0.284670292	0.029172302	10.87421552
93	13.61597142	11.29969347	2.095429949	2.03836295	0.038181477	13.61597142
94	16.30383885	4.701819239	0.874452293	0.239180057	0.016329098	16.30383885
95	3.730567094	11.24321902	1.224390761	1.112849416	0.011505024	11.24321902
96	13.43592117	1.206895451	0.295658872	0.198586663	0.007523149	13.43592117
97	2.652589151	26.56564501	1.24756394	0.255057163	0.002929833	26.56564501
98	4.309468274	4.649251813	0.956455345	0.04452964	0.013669936	4.649251813
99	5.285650907	9.90571425	1.200468465	0.675725855	0.034837764	9.90571425
100	10.22354974	0.516950416	2.950528265	1.142244296	0.01129191	10.22354974
101	7.68517273	21.34293228	0.538974358	0.728029021	0.016012847	21.34293228
102	0.159640526	0.366552857	0.89942718	1.292516433	0.023590123	1.292516433
103	2.76712982	25.3009319	2.459953239	0.826352903	0.022228523	25.3009319
104	3.752325951	11.26265561	1.064618405	0.104088741	0.077090996	11.26265561
105	5.906394483	30.26498745	0.804587236	1.205116605	0.049434752	30.26498745
106	3.044145859	11.19471069	0.28485429	1.612188069	0.006041385	11.19471069
107	11.76286974	2.846140114	0.050102775	0.889897043	0.002776386	11.76286974
108	1.792384507	5.047611913	3.334419403	1.026532486	0.040000471	5.047611913
109	1.08207069	15.17667339	1.022639902	1.313164806	0.034950568	15.17667339
110	9.395410591	23.72186909	0.123720532	0.598411583	0.023591726	23.72186909
111	1.656113453	6.675170072	0.048965823	0.91417285	0.025061765	6.675170072
112	3.513072856	1.762123161	0.467604465	1.197088836	0.01043869	3.513072856
113	4.18881947	1.882257985	0.32025069	1.644067709	0.04949804	4.18881947
114	1.880283932	46.46056856	0.343510238	0.987064519	0.000451154	46.46056856
115	2.392118387	4.101794938	1.622922827	0.663600527	0.034238746	4.101794938
116	3.247239829	22.40055904	0.931188734	0.545373227	0.009273451	22.40055904
117	1.91879179	1.630267073	2.680834143	0.575892551	0.01868522	2.680834143
118	4.415139551	29.22999208	0.178019982	0.097690699	0.006040434	29.22999208
119	1.344711746	2.999246763	1.350789717	1.683693207	0.027484575	2.999246763
120	2.384976157	3.10208941	0.489553966	0.229547807	0.001972778	3.10208941
121	0.452091087	7.175610951	1.166477686	1.048151456	0.029555491	7.175610951
122	6.018687593	9.376934847	3.635624592	1.01131587	0.012067382	9.376934847
123	1.014623872	8.720948552	0.573938525	0.191898939	0.00376133	8.720948552
124	0.859164842	4.410489465	0.992887965	1.914176057	0.026158407	4.410489465
125	9.378914388	23.77075847	0.779476812	0.685116662	0.012747768	23.77075847
126	2.133733279	10.70631368	0.754385738	0.469080244	0.00995603	10.70631368
127	2.869528904	47.10204646	0.8322712	0.524289079	0.017258872	47.10204646
128	6.508029253	6.242114888	0.485057177	0.950130738	0.001979076	6.508029253
129	1.460164103	14.72245633	0.026108053	0.016877906	0.018842152	14.72245633
130	4.155174071	35.5310336	0.452252871	1.203044786	0.031248556	35.5310336
131	0.069307254	6.614274005	0.417858054	0.201802288	0.058163942	6.614274005
132	0.76036537	20.12109374	0.731988449	0.219415229	0.03814145	20.12109374
133	12.2932005	4.478805298	1.004252889	1.683444381	0.019085007	12.2932005
134	1.235445843	2.69059837	1.192327274	0.728706075	0.010164391	2.69059837
135	6.280235888	2.036629583	0.143784385	1.087414608	0.005545821	6.280235888
136	4.685785415	18.46024941	0.422976347	1.60992507	0.018346113	18.46024941
137	3.788281526	2.741977264	1.05673134	0.897796598	0.018869936	3.788281526
138	1.409524135	4.794421125	0.351105554	0.035471204	0.012556279	4.794421125
139	0.713568185	0.270060343	1.854698219	1.240905176	0.022741742	1.854698219
140	2.746376798	0.772482489	0.190591113	0.120811958	0.007199301	2.746376798
141	3.361592144	3.157366432	0.286292808	0.559536257	0.04064272	3.361592144
142	4.392177936	1.665724645	0.028522484	2.335817769	0.001110896	4.392177936
143	7.192209493	6.704017675	1.547100033	0.030121874	0.018078097	7.192209493
144	9.457879911	1.980872377	1.605429609	0.280961137	0.005141289	9.457879911
145	3.277379542	15.59740573	1.452699705	2.278965619	0.026123817	15.59740573
146	9.143066089	9.994577859	1.263556998	0.169106962	0.023187357	9.994577859
147	0.80663832	7.071878798	0.260975776	0.529160446	0.002410157	7.071878798
148	1.461907008	3.389239184	3.339599702	1.889008701	0.031266456	3.389239184
149	0.602593965	0.481483495	2.03851171	0.275985458	0.012942187	2.03851171
150	2.659212437	7.028908508	0.758542521	0.431859419	0.018753318	7.028908508
151	1.190465487	2.873351145	1.137513101	1.190713865	0.029580132	2.873351145
152	4.413587382	0.322452408	2.92536885	2.04850333	0.00079574	4.413587382
153	1.644867404	4.439441298	0.095527354	0.18087365	0.008296019	4.439441298
154	0.439956097	17.85480211	0.939540034	0.714616191	0.010253456	17.85480211
155	2.654428429	3.611456881	2.087623891	1.32070143	0.03251482	3.611456881
156	2.149329577	2.374258712	1.192583034	0.701779069	0.027271382	2.374258712
157	2.084591284	5.099765164	1.035594643	0.459000687	0.003193801	5.099765164
158	5.434269918	9.594333094	0.338517058	0.732164783	0.021621433	9.594333094
159	8.488295541	8.393249381	1.76082546	0.116137098	0.037182563	8.488295541
160	3.549147774	1.738146084	0.133936271	0.592070317	0.0126116	3.549147774
161	7.290696813	0.415526623	1.387452794	0.1705157	7.58E-05	7.290696813
162	8.065519639	17.91040832	1.357756426	2.805567346	0.027360643	17.91040832
163	3.198387573	6.053088074	1.434425875	0.020801191	0.012573046	6.053088074
164	1.228164619	1.324210435	0.967845032	0.150118357	0.017156567	1.324210435
165	8.167209139	14.2279392	0.960363449	0.612409975	0.009137752	14.2279392
166	3.085250923	8.535589861	0.214333259	0.070950048	0.010176229	8.535589861
167	0.259267195	2.457377898	0.975678051	0.89005798	0.025694661	2.457377898
168	2.211420987	0.711597141	0.619331136	1.777676989	0.026005528	2.211420987
169	3.959804485	1.931413493	0.931264892	1.382509087	0.002711316	3.959804485
170	18.19477259	0.887002502	0.540713315	0.807162938	0.005628766	18.19477259
171	0.35581134	1.261542249	0.409831661	0.960652778	0.006065988	1.261542249
172	23.455339	0.898727609	0.343295205	0.108216661	0.004423605	23.455339
173	4.04353775	0.067419977	0.556478751	1.780074775	0.019090987	4.04353775
174	0.890784595	5.477045729	1.649925698	0.931781398	0.002882296	5.477045729
175	2.013819187	0.028833531	0.113398323	1.149869179	0.006120521	2.013819187
176	2.025282918	1.805285979	0.697157908	0.215435076	0.036053721	2.025282918
177	1.852554079	1.187841891	0.989594369	1.020346659	0.002751483	1.852554079
178	0.56787018	1.357404911	1.798817395	0.478590397	0.020403493	1.798817395
179	2.568825204	3.181317337	2.554882731	1.390236782	0.025930387	3.181317337
180	1.620474037	2.585418899	0.624126207	0.417754062	0.009462647	2.585418899
181	0.559678536	20.73736837	0.164264021	0.601500696	0.037194685	20.73736837
182	2.307848846	7.120465288	2.450899	0.118681333	0.01409712	7.120465288
183	1.708474629	5.759305836	1.208873078	0.80548783	0.016653666	5.759305836
184	2.198955103	0.059888647	0.023134123	0.10512341	0.003545523	2.198955103
185	6.926374756	11.39912884	1.080448621	1.254596033	0.009173091	11.39912884
186	5.155694519	4.703389108	0.335588156	0.071203335	0.014623941	5.155694519
187	0.857234209	57.69941388	1.390706545	0.972450592	0.051788644	57.69941388
188	1.614988817	1.473725162	1.396268802	0.126868208	0.018229799	1.614988817
189	3.902835926	2.258469186	0.375928784	0.455338239	0.005259473	3.902835926
190	2.212185532	6.652318184	0.667975273	0.254698502	0.024077063	6.652318184
191	2.321134214	0.491651185	1.055415291	0.653904168	0.015081663	2.321134214
192	0.089901541	8.853429512	0.03742478	1.294893947	0.003361636	8.853429512
193	1.379530087	4.905487644	0.114297168	0.384251913	0.009317243	4.905487644
194	0.393044642	1.652682294	0.355513778	1.440475322	0.004461693	1.652682294
195	0.218534095	2.40652676	0.402026534	0.54271966	0.003726	2.40652676
196	5.483236822	0.080351503	2.486557892	0.709097317	0.009753811	5.483236822
197	8.123009098	3.970367577	0.120101529	0.779102227	0.004438665	8.123009098
198	9.628865986	0.686663678	1.830785486	0.520075856	0.008412264	9.628865986
199	1.999676804	11.98704546	0.282838191	0.66048583	0.013408432	11.98704546
200	2.640981748	1.265885072	0.128774567	0.151729156	0.00251492	2.640981748
201	1.172267478	0.338857366	1.47314247	1.066254284	0.02681084	1.47314247
202	0.507778646	10.28837169	1.321953394	0.531593328	0.005000588	10.28837169
203	2.045495198	0.523088551	0.894139525	0.793993087	0.010517119	2.045495198
204	1.674092877	4.744214198	0.860643278	0.551019122	0.024819169	4.744214198
205	5.196123111	2.436660483	0.897045252	0.334283002	0.014327534	5.196123111
206	6.634519957	3.723831274	1.114637543	0.127324444	0.017965167	6.634519957
207	8.598763881	1.099532827	0.035406249	0.004786651	0.001235134	8.598763881
208	3.912111974	9.487050611	0.227098046	0.326527272	0.010500505	9.487050611
209	3.168125894	0.310342818	0.072321464	0.379774796	0.004600855	3.168125894
210	1.238081258	2.524024846	1.912836706	0.893015153	0.007791081	2.524024846
211	1.94227676	32.09189864	0.531886788	1.574037753	0.009191609	32.09189864
212	4.287612991	3.73044054	0.163535869	0.17038972	0.019077791	4.287612991
213	5.312397058	4.975033032	0.589791333	0.147166585	0.00607803	5.312397058
214	5.627872704	3.493816396	1.177202237	1.16700506	0.012633172	5.627872704
215	5.123309888	0.377786228	1.026473165	0.423964264	0.018550286	5.123309888
216	1.930901853	23.13622959	1.458451426	1.332188878	0.017011463	23.13622959
217	3.032699912	3.593254382	1.248316641	1.473070756	0.00422712	3.593254382
218	1.691836296	1.234747124	1.74269494	0.881932194	0.011681988	1.74269494
219	6.462384862	0.484273221	1.001174371	0.884610805	0.005873566	6.462384862
220	0.49038898	7.134903361	0.01107062	0.295097644	0.002583991	7.134903361
221	0.955513887	32.08928824	0.313304961	0.417695939	0.027376221	32.08928824
222	0.603411423	3.628389206	0.561730793	0.63910042	0.007223243	3.628389206
223	4.190808541	6.0699173	0.352351592	1.457392477	0.030135482	6.0699173
224	5.364779422	2.362744141	0.450316262	2.07740426	0.019105008	5.364779422
225	8.455575309	2.080907249	0.002362733	0.849360982	0.00091801	8.455575309
226	16.65552341	1.184269046	1.512757756	1.035166198	0.001339603	16.65552341
227	2.158581641	0.40892966	0.861819696	0.320377857	0.004682747	2.158581641
228	6.106191501	0.788385821	0.954628006	0.578250335	0.016428933	6.106191501
229	1.738524962	16.18808712	0.170233289	0.165955817	0.005559164	16.18808712
230	2.614181667	0.165643281	0.060334541	0.301348302	0.008645026	2.614181667
231	1.533394223	6.730210585	0.391343742	1.24663807	0.006228135	6.730210585
232	3.61961466	4.48153796	0.238117836	0.142093018	0.001905188	4.48153796
233	9.58469006	3.617205792	0.410743342	0.146067231	0.020737933	9.58469006
234	0.925747342	2.325773634	0.363344453	0.211392785	0.008941532	2.325773634
235	0.612048032	9.135807586	0.045943515	1.002526654	0.000960122	9.135807586
236	3.806151	0.226124023	0.089013767	2.463409377	0.011306144	3.806151
237	3.341836942	2.667251632	0.021228625	1.115236178	0.023805912	3.341836942
238	5.734963971	4.125837617	0.628209674	0.168973021	0.004400563	5.734963971
239	1.52789495	12.54192069	0.677940362	0.299024357	0.002620135	12.54192069
240	1.523267426	6.429638993	1.002575246	0.163883598	0.008421361	6.429638993
241	0.590742841	15.55289033	0.700646141	0.106864729	0.017231706	15.55289033
242	0.87853902	3.978600469	0.170211119	0.668835094	0.000783374	3.978600469
243	5.364897159	3.843810068	0.150871623	0.075895566	0.0032981	5.364897159
244	0.085855672	8.800317632	0.401049366	0.093058718	0.002021343	8.800317632
245	3.435565339	6.406504229	0.026423559	1.563256909	0.003736019	6.406504229
246	0.771982832	1.069414878	1.200957651	0.668942853	0.008271919	1.200957651
247	3.641922687	3.731257688	0.53997035	0.536386594	0.007910037	3.731257688
248	1.124560385	10.09817978	0.33920838	0.805740234	0.051004044	10.09817978
249	0.536654983	2.844999878	0.500585225	0.764692014	0.042111553	2.844999878
250	0.880578606	4.246814745	0.397055983	0.420387299	0.007494866	4.246814745
251	3.171258589	1.050816394	0.35032823	1.711128417	0.01577	3.171258589
252	3.408506052	5.841282571	0.783279576	0.11912046	0.008402618	5.841282571
253	2.192829793	1.607610272	0.458325262	1.368102521	0.008119521	2.192829793
254	1.032801988	4.191648426	0.302910701	0.928699996	0.009276159	4.191648426
255	1.599003501	4.485500082	0.291561792	0.993788877	0.002770749	4.485500082
256	1.301201136	2.881932403	1.800358944	1.361349663	0.010388912	2.881932403
257	3.737031629	1.036440279	0.308512686	0.89920183	0.013466822	3.737031629
258	13.45791464	42.17918587	0.092564377	1.818058293	0.004900606	42.17918587
259	1.831042793	4.635073333	0.845362875	0.07571768	0.022546635	4.635073333
260	5.239256568	1.973536737	1.605992119	0.415375421	0.016265474	5.239256568
261	4.876590847	9.995406221	0.643452157	1.601695585	0.005882166	9.995406221
262	7.770055177	4.306903216	0.531062955	0.566858865	0.01829123	7.770055177
263	3.256511813	0.787907866	0.92964848	1.484481333	0.003058518	3.256511813
264	0.23416601	2.172623493	0.524082666	0.45278287	0.003638141	2.172623493
265	2.821040444	6.655928764	0.271909683	0.095383167	0.005594341	6.655928764
266	0.026631285	6.075306338	0.839676025	0.214250545	0.013949068	6.075306338
267	14.62281731	0.566198607	0.080405075	0.757305622	0.000275788	14.62281731
268	8.4051978	0.484316579	0.008750521	0.794035493	0.000388398	8.4051978
269	2.830762789	4.292200204	1.257780967	1.35632652	0.019518223	4.292200204
270	0.621040004	18.27887288	0.441201483	0.230762831	0.010873042	18.27887288
271	1.44177789	8.190869101	0.293169121	0.008020348	0.006106202	8.190869101
272	0.652367027	1.089692282	0.003166509	0.833420047	0.01383028	1.089692282
273	0.064279653	6.996264952	1.299665302	0.21084411	0.005340413	6.996264952
274	0.933762521	2.152153538	1.594108586	0.627283416	0.033908303	2.152153538
275	2.821405842	1.022012765	0.739659879	0.923007128	0.023731648	2.821405842
276	0.99441442	1.058105932	0.581518919	1.529104583	0.019591586	1.529104583
277	1.173759224	4.886152279	1.680804015	0.52448843	0.011205308	4.886152279
278	0.358135051	0.976221568	0.043624419	0.825243086	0.019789349	0.976221568
279	5.413070558	9.687775085	0.158479849	0.724384064	0.025012309	9.687775085
280	1.572963325	14.61210075	0.185488859	0.268140264	0.018562039	14.61210075
281	5.06141898	1.506219059	0.898169737	0.460330391	0.006233696	5.06141898
282	8.610413044	0.568355367	1.03046464	0.464721878	0.007081045	8.610413044
283	3.417731953	1.144013658	0.548150703	0.328266432	0.020590962	3.417731953
284	17.89633594	0.098010335	0.665348289	0.357582886	0.000405173	17.89633594
285	5.4419396	18.9567887	0.796763483	0.209607453	0.008106046	18.9567887
286	12.32204853	17.17718577	0.799436816	0.811201809	0.024811632	17.17718577
287	1.352520867	0.792495983	0.784751763	0.381439436	0.014355568	1.352520867
288	1.130411464	0.102053874	0.086305562	0.69905568	0.017394897	1.130411464
289	0.010164034	10.47194639	0.454247068	1.421471865	0.023609689	10.47194639
290	1.803963678	0.233775981	0.373388421	0.240550529	0.002808616	1.803963678
291	5.214460605	1.321288502	0.304614889	0.595913419	0.012296234	5.214460605
292	3.105754309	5.228355042	0.339424056	0.379279663	0.00146564	5.228355042
293	2.38992107	0.580864363	0.197407607	0.427100242	0.012790801	2.38992107
294	2.914073451	1.679256423	0.005720149	1.565757621	0.007007228	2.914073451
295	1.86442809	1.21229978	0.131372598	1.516503461	0.005329326	1.86442809
296	2.272173183	36.98570225	1.200298754	0.40111427	0.000341713	36.98570225
297	0.873933876	1.657055863	0.385678926	0.313171947	0.002025035	1.657055863
298	2.941053823	0.566651971	1.06486162	1.26065215	0.007210428	2.941053823
299	3.778868747	2.043029513	0.965190671	0.334248078	0.006126033	3.778868747
300	2.128839384	0.292016157	0.393267447	1.28527253	0.013844472	2.128839384
301	6.262016635	2.94492122	0.800143643	0.687801275	0.006041785	6.262016635
302	1.338751123	2.743556076	0.436937963	1.066306573	0.003182381	2.743556076
303	11.3407392	1.982883562	0.235068784	0.288068382	0.00211183	11.3407392
304	5.959157722	2.734556055	0.068982506	1.412885099	0.00349204	5.959157722
305	0.403773556	7.057860746	0.117047726	1.021049005	0.007227737	7.057860746
306	1.588453972	8.92386757	0.400774722	0.222659026	0.017253806	8.92386757
307	1.200290643	0.335552894	0.122178277	1.151291021	0.004867795	1.200290643
308	0.351735295	3.591359157	0.80366167	0.441429668	0.005867845	3.591359157
309	3.273660349	0.639678019	0.294996952	0.993612432	0.026691537	3.273660349
310	0.406735102	4.987043902	0.123227787	0.603432056	0.005828658	4.987043902
311	0.374253445	1.094276565	0.370567673	0.479585873	0.003555344	1.094276565
312	0.606051015	26.2072128	0.531013168	0.047253166	0.018974387	26.2072128
313	4.56971468	0.103097875	0.004110906	1.633497306	0.001281578	4.56971468
314	3.880664987	4.543647095	0.835399945	1.08478538	0.007906938	4.543647095
315	0.616550263	2.168028705	0.915832747	0.356342659	0.016162698	2.168028705
316	7.061713854	6.467576976	0.164439725	0.235120598	0.001883893	7.061713854
317	1.145453997	1.501092651	0.647825798	1.037318683	0.025436622	1.501092651
318	3.060111283	8.866745578	0.65783694	0.397336106	0.003081517	8.866745578
319	0.902744073	3.357066883	0.033041464	0.895050466	0.027696722	3.357066883
320	0.249752432	1.143594171	1.011493372	1.2950315	0.016669489	1.2950315
321	0.801796818	3.089143858	0.573599693	0.064596404	0.0107806	3.089143858
322	2.652724023	14.4365608	0.210290798	0.352917412	0.000194423	14.4365608
323	3.865126079	2.242691443	0.819323425	0.908316255	0.014836586	3.865126079
324	3.172120821	8.125545426	0.003962211	0.907475669	0.009845724	8.125545426
325	3.93561241	0.750111455	0.896223892	1.023327451	0.00750528	3.93561241
326	0.707051188	12.54354004	1.278682363	2.325151325	0.013685006	12.54354004
327	1.291396168	0.38733136	0.252696941	0.368959282	0.004891037	1.291396168
328	0.315800116	4.986557664	0.179520751	0.022989656	0.003358114	4.986557664
329	0.380107743	4.999841731	0.407806243	0.064589993	0.000274173	4.999841731
330	1.664169369	2.353254911	0.46297409	1.01508708	0.002954854	2.353254911
331	5.113786238	0.977142636	0.529639441	0.180528896	0.000451083	5.113786238
332	11.40675079	1.339489907	0.282028718	0.179852401	0.013902852	11.40675079
333	1.952344929	5.683839251	0.363035646	1.010238999	0.006627323	5.683839251
334	1.427215705	7.256111173	0.021719041	0.766955765	0.003785456	7.256111173
335	9.689206051	11.11769895	0.389358955	0.447561773	0.017723745	11.11769895
336	1.183526272	2.424133589	0.788632675	0.281223923	0.019740897	2.424133589
337	0.46478954	5.011130288	0.073460863	0.697140178	0.012314281	5.011130288
338	13.68809566	0.084499003	0.049100525	0.683704209	0.003195092	13.68809566
339	2.614866543	3.780501181	1.428835785	0.133727527	0.010993592	3.780501181
340	2.637730221	1.269283335	0.326004484	0.322654809	0.005224023	2.637730221
341	1.152393329	0.614071622	0.560416986	0.371922909	0.001972276	1.152393329
342	1.488809018	1.368869597	0.02176157	1.209260134	0.00265647	1.488809018
343	1.618050244	1.221138288	0.174925213	0.735352321	0.002307516	1.618050244
344	1.087566458	7.968068179	0.493456687	0.889244905	0.007895673	7.968068179
345	0.68347798	2.228514211	0.064985968	0.052398459	0.001074305	2.228514211
346	1.473658473	2.550493351	0.646977546	0.684583294	0.011031942	2.550493351
347	1.991861868	0.746607119	0.434736518	0.489445084	0.015929349	1.991861868
348	1.935530313	0.078698828	0.361591192	0.071604608	0.017033777	1.935530313
349	1.577621299	1.716972957	0.421916593	0.07689986	0.002799436	1.716972957
350	1.769423318	0.453092371	0.244104199	0.175737458	0.001213439	1.769423318
351	3.600074955	0.084509299	0.559067991	0.516978755	0.010803047	3.600074955
352	4.464552935	5.07784293	0.256995745	0.183696103	0.003524552	5.07784293
353	4.186145083	0.915383479	0.73568812	0.549182798	0.007048524	4.186145083
354	2.743327068	10.96159819	0.771172258	0.54444652	0.020520002	10.96159819
355	0.398745837	14.59037361	0.152005496	0.707982752	0.001437299	14.59037361
356	1.168421918	0.781380115	1.079854072	0.189593502	0.004327669	1.168421918
357	1.920190746	2.763771087	0.667613253	1.117534797	0.012193751	2.763771087
358	0.42220358	1.713759474	0.126338725	0.286464011	0.006136755	1.713759474
359	3.543737608	1.894734613	0.381828148	0.825168387	0.0081838	3.543737608
360	0.32211844	1.073525113	0.496929036	0.05652231	0.002393168	1.073525113
361	0.778542625	1.177882318	0.656165752	0.670004904	0.00566596	1.177882318
362	9.649180442	3.80369642	0.594783185	0.047890309	0.023449598	9.649180442
363	0.649565452	0.200811978	0.505038402	0.316351618	0.005065467	0.649565452
364	5.80893997	0.251483489	0.602801572	0.155510741	0.011125106	5.80893997
